Designator,Mid X,Mid Y,Layer,Rotation
U_MCU,100.0000,-100.0000,Top,0.0
X1,100.0000,-86.0000,Top,0.0
C1,96.5000,-86.0000,Top,0.0
C2,97.0000,-91.5000,Top,0.0
C3,103.5000,-86.0000,Top,0.0
C4,103.0000,-91.5000,Top,0.0
C5,102.5000,-108.5000,Top,0.0
C6,102.5000,-111.5000,Top,0.0
C7,102.5000,-114.5000,Top,0.0
R1,97.5000,-108.5000,Top,0.0
R2,97.5000,-111.5000,Top,0.0
R3,97.5000,-114.5000,Top,0.0
R4,98.0000,-80.0000,Top,0.0
LED1,102.0000,-80.0000,Top,0.0
U_DIP,100.0000,-100.0000,Top,0.0
J_ICSP,100.0000,-120.5000,Top,0.0
